Rank,Area,Estimate_2015,Census_2010,Change,Encompassing_Combined_Statistical_Area,zipCode
25,San Antonio,"2,384,075","2,142,508",11.27%,,690
122,Salinas,"433,898","415,057",4.54%,,751
286,Dalton,"143,781","142,227",1.09%,"Chattanooga-Cleveland-Dalton, TN-GA-AL Combined Statistical Area",1226
260,Auburn,"156,993","140,247",11.94%,"Columbus-Auburn-Opelika, GA-AL Combined Statistical Area",1501
103,Lancaster,"536,624","519,445",3.31%,,1523
58,Worcester,"935,536","916,980",2.02%,"Boston-Worcester-Providence, MA-RI-NH-CT Combined Statistical Area",1601
154,Lincoln,"323,578","302,157",7.09%,"Lincoln-Beatrice, NE Combined Statistical Area",1773
202,Burlington,"214,363","211,261",1.47%,,1803
259,Burlington,"158,276","151,131",4.73%,"Greensboroƒ??Winston-Salemƒ??High Point, NC Combined Statistical Area",1803
326,Lawrence,"118,053","110,826",6.52%,"Kansas City-Overland Park-Kansas City, MO-KS Combined Statistical Area",1840
128,Reading,"415,271","411,442",0.93%,"Philadelphia-Reading-Camden, PA-NJ-DE-MD Combined Statistical Area",1867
171,Wilmington,"277,969","254,884",9.06%,,1887
300,Winchester,"133,836","128,472",4.18%,"Washington-Baltimore-Arlington, DC-MD-VA-WV-PA Combined Statistical Area",1890
132,Manchester,"406,678","400,721",1.49%,"Boston-Worcester-Providence, MA-RI-NH-CT Combined Statistical Area",1944
135,Salisbury,"395,300","373,802",5.75%,,1952
130,Salem,"410,091","390,738",4.95%,"Portland-Vancouver-Salem, OR-WA Combined Statistical Area",1970
209,Bellingham,"212,284","201,140",5.54%,,2019
133,Canton,"402,976","404,422",ƒ??0.36%,"Cleveland-Akron-Canton, OH Combined Statistical Area",2021
237,Dover,"173,533","162,310",6.91%,"Philadelphia-Reading-Camden, PA-NJ-DE-MD Combined Statistical Area",2030
318,Mansfield,"121,707","124,475",ƒ??2.22%,"Mansfield-Ashland-Bucyrus, OH Combined Statistical Area",2048
10,Boston,"4,774,321","4,552,402",4.87%,"Boston-Worcester-Providence, MA-RI-NH-CT Combined Statistical Area",2108
207,Medford,"212,567","203,206",4.61%,"Medford-Grants Pass, OR Combined Statistical Area",2153
230,Kingston,"180,143","182,493",ƒ??1.29%,"New York-Newark, NY-NJ-CT-PA Combined Statistical Area",2364
107,Lexington,"500,535","472,099",6.02%,"Lexington-Fayetteƒ??Richmondƒ??Frankfort, KY Combined Statistical Area",2420
327,Watertown,"117,635","116,229",1.21%,,2471
351,Cumberland,"99,979","103,299",ƒ??3.21%,,2864
38,Providence,"1,613,070","1,600,852",0.76%,"Boston-Worcester-Providence, MA-RI-NH-CT Combined Statistical Area",2901
206,Rochester,"213,873","206,877",3.38%,"Rochester-Austin, MN Combined Statistical Area",3839
51,Rochester,"1,081,954","1,079,671",0.21%,"Rochester-Batavia-Seneca Falls, NY Combined Statistical Area",3839
303,Jackson,"129,682","130,011",ƒ??0.25%,,3846
257,Jackson,"159,494","160,248",ƒ??0.47%,,3846
94,Jackson,"578,777","567,122",2.06%,"Jackson-Vicksburg-Brookhaven, MS Combined Statistical Area",3846
120,York,"442,867","434,972",1.82%,"Harrisburg-York-Lebanon, PA Combined Statistical Area",3909
333,Brunswick,"116,003","112,370",3.23%,,4011
293,Lebanon,"137,067","133,568",2.62%,"Harrisburg-York-Lebanon, PA Combined Statistical Area",4027
148,Naples,"357,305","321,520",11.13%,"Cape Coral-Fort Myers-Naples, FL Combined Statistical Area",4055
104,Portland,"526,295","514,098",2.37%,"Portland-Lewiston-South Portland, ME Combined Statistical Area",4101
23,Portland,"2,389,228","2,226,009",7.33%,"Portland-Vancouver-Salem, OR-WA Combined Statistical Area",4101
98,Durham,"552,493","504,357",9.54%,"Raleigh-Durham-Chapel Hill, NC Combined Statistical Area",4222
378,Danville,"79,282","81,625",ƒ??2.87%,,4223
381,Lewiston,"62,153","60,888",2.08%,,4240
342,Lewiston,"107,233","107,702",ƒ??0.44%,"Portland-Lewiston-South Portland, ME Combined Statistical Area",4240
92,Augusta,"590,146","564,873",4.47%,,4330
317,Mount Vernon,"121,846","116,901",4.23%,"Seattle-Tacoma, WA Combined Statistical Area",4352
45,Richmond,"1,271,334","1,208,101",5.23%,,4357
268,Bangor,"152,692","153,923",ƒ??0.80%,,4401
75,Charleston,"744,526","664,607",12.03%,,4422
200,Charleston,"220,614","227,078",ƒ??2.85%,"Charleston-Huntington-Ashland, WV-OH-KY Combined Statistical Area",4422
234,Greenville,"175,842","168,148",4.58%,"Greenville-Washington, NC Combined Statistical Area",4441
63,Greenville,"874,869","824,112",6.16%,"Greenville-Spartanburg-Anderson, SC Combined Statistical Area",4441
296,Springfield,"135,959","138,333",ƒ??1.72%,"Dayton-Springfield-Sidney, OH Combined Statistical Area",4487
210,Springfield,"211,156","210,170",0.47%,"Springfield-Jacksonville-Lincoln, IL Combined Statistical Area",4487
112,Springfield,"456,456","436,712",4.52%,"Springfield-Branson, MO Combined Statistical Area",4487
89,Springfield,"631,982","621,570",1.68%,"Springfield-Greenfield Town, MA Combined Statistical Area",4487
6,Washington,"6,097,684","5,636,232",8.19%,"Washington-Baltimore-Arlington, DC-MD-VA-WV-PA Combined Statistical Area",4574
306,Jonesboro,"128,394","121,026",6.09%,"Jonesboro-Paragould, AR Combined Statistical Area",4648
314,Sherman,"125,467","120,877",3.80%,"Dallas-Fort Worth, TX-OK Combined Statistical Area",4776
218,Athens,"203,189","192,541",5.53%,"Atlantaƒ??Athens-Clarke Countyƒ??Sandy Springs, GA Combined Statistical Area",4912
14,Detroit,"4,302,043","4,296,250",0.13%,"Detroit-Warren-Ann Arbor, MI Combined Statistical Area",4929
325,Farmington,"118,737","130,044",ƒ??8.69%,,4938
88,Madison,"641,385","605,435",5.94%,"Madison-Janesville-Beloit, WI Combined Statistical Area",4950
275,Monroe,"149,568","152,021",ƒ??1.61%,"Detroit-Warren-Ann Arbor, MI Combined Statistical Area",4951
232,Monroe,"179,238","176,441",1.59%,"Monroe-Ruston-Bastrop, LA Combined Statistical Area",4951
307,Pittsfield,"127,828","131,219",ƒ??2.58%,,4967
126,Brownsville,"422,156","406,220",3.92%,"Brownsville-Harlingen-Raymondville, TX Combined Statistical Area",5037
47,Hartford,"1,211,324","1,212,381",ƒ??0.09%,"Hartford-West Hartford, CT Combined Statistical Area",5047
175,Norwich,"271,863","274,055",ƒ??0.80%,"Hartford-West Hartford, CT Combined Statistical Area",5055
227,Jacksonville,"186,311","177,772",4.80%,,5342
40,Jacksonville,"1,449,481","1,345,596",7.72%,"Jacksonville-St. Marys-Palatka, FL-GA Combined Statistical Area",5342
61,Bakersfield,"882,176","839,631",5.07%,,5441
22,Charlotte,"2,426,363","2,217,012",9.44%,"Charlotte-Concord, NC-SC Combined Statistical Area",5445
146,Huntington,"361,580","364,908",ƒ??0.91%,"Charleston-Huntington-Ashland, WV-OH-KY Combined Statistical Area",5462
142,Montgomery,"373,792","374,536",ƒ??0.20%,,5470
65,New Haven,"859,470","862,477",ƒ??0.35%,"New York-Newark, NY-NJ-CT-PA Combined Statistical Area",5472
283,Florence,"146,950","147,137",ƒ??0.13%,,5744
212,Florence,"206,448","205,566",0.43%,,5744
320,Albany,"120,547","116,672",3.32%,"Portland-Vancouver-Salem, OR-WA Combined Statistical Area",5820
267,Albany,"153,526","157,308",ƒ??2.40%,,5820
62,Albany,"881,830","870,716",1.28%,"Albany-Schenectady, NY Combined Statistical Area",5820
74,Greensboro,"752,157","723,801",3.92%,"Greensboroƒ??Winston-Salemƒ??High Point, NC Combined Statistical Area",5841
236,Columbia,"174,974","162,642",7.58%,"Columbia-Moberly-Mexico, MO Combined Statistical Area",6237
71,Columbia,"810,068","767,598",5.53%,"Columbia-Orangeburg-Newberry, SC Combined Statistical Area",6237
57,Bridgeport,"948,053","916,829",3.41%,"New York-Newark, NY-NJ-CT-PA Combined Statistical Area",6601
13,Riverside,"4,489,159","4,224,851",6.26%,"Los Angeles-Long Beach, CA Combined Statistical Area",6878
231,Redding,"179,533","177,223",1.30%,"Redding-Red Bluff, CA Combined Statistical Area",6896
203,Lafayette,"214,363","201,789",6.23%,"Lafayette-West Lafayette-Frankfort, IN Combined Statistical Area",7848
108,Lafayette,"490,488","466,750",5.09%,"Lafayette-Opelousas-Morgan City, LA Combined Statistical Area",7848
330,Morristown,"116,642","113,951",2.36%,"Knoxville-Morristown-Sevierville, TN Combined Statistical Area",7960
49,Birmingham,"1,145,647","1,128,047",1.56%,"Birmingham-Hoover-Talladega, AL Combined Statistical Area",8011
376,Columbus,"81,162","76,794",5.69%,"Indianapolis-Carmel-Muncie, IN Combined Statistical Area",8022
160,Columbus,"313,749","294,865",6.40%,"Columbus-Auburn-Opelika, GA-AL Combined Statistical Area",8022
32,Columbus,"2,021,632","1,901,974",6.29%,"Columbus-Marion-Zanesville, OH Combined Statistical Area",8022
363,Ocean City,"94,727","97,265",ƒ??2.61%,"Philadelphia-Reading-Camden, PA-NJ-DE-MD Combined Statistical Area",8226
261,Vineland,"155,854","156,898",ƒ??0.67%,"Philadelphia-Reading-Camden, PA-NJ-DE-MD Combined Statistical Area",8360
173,Atlantic City,"274,219","274,549",ƒ??0.12%,"Philadelphia-Reading-Camden, PA-NJ-DE-MD Combined Statistical Area",8401
69,Allentown,"832,327","821,173",1.36%,"New York-Newark, NY-NJ-CT-PA Combined Statistical Area",8501
77,Stockton,"726,106","685,306",5.95%,"San Jose-San Francisco-Oakland, CA Combined Statistical Area",8559
143,Trenton,"371,398","366,513",1.33%,"New York-Newark, NY-NJ-CT-PA Combined Statistical Area",8601
72,Dayton,"800,909","799,232",0.21%,"Dayton-Springfield-Sidney, OH Combined Statistical Area",8810
1,New York,"20,182,305","19,567,410",3.14%,"New York-Newark, NY-NJ-CT-PA Combined Statistical Area",10001
166,Clarksville,"281,021","260,625",7.83%,,12041
295,Johnstown,"136,411","143,679",ƒ??5.06%,"Johnstown-Somerset, PA Combined Statistical Area",12095
252,Bloomington,"165,577","159,549",3.78%,"Bloomington-Bedford, IN Combined Statistical Area",12411
225,Bloomington,"189,413","186,133",1.76%,"Bloomington-Pontiac, IL Combined Statistical Area",12411
19,Denver,"2,814,330","2,543,482",10.65%,"Denver-Aurora-Lakewood, CO Metropolitan Statistical Area",12421
247,Billings,"168,283","158,934",5.88%,,12510
308,Glens Falls,"126,918","128,923",ƒ??1.56%,"Albany-Schenectady, NY Combined Statistical Area",12801
278,Elizabethtown,"148,604","148,338",0.18%,"Louisville/Jefferson Countyƒ??Elizabethtownƒ??Madison, KY-IN Combined Statistical Area",12932
319,Cleveland,"120,864","115,788",4.38%,"Chattanooga-Cleveland-Dalton, TN-GA-AL Combined Statistical Area",13042
31,Cleveland,"2,060,810","2,077,240",ƒ??0.79%,"Cleveland-Akron-Canton, OH Combined Statistical Area",13042
141,Fayetteville,"376,509","366,383",2.76%,"Fayetteville-Lumberton-Laurinburg, NC Combined Statistical Area",13066
105,Fayetteville,"513,559","463,204",10.87%,,13066
42,Memphis,"1,344,127","1,324,829",1.46%,"Memphis-Forrest City, TN-MS-AR Combined Statistical Area",13112
12,Phoenix,"4,574,531","4,192,887",9.10%,,13135
138,Savannah,"379,199","347,611",9.09%,"Savannah-Hinesville-Statesboro, GA Combined Statistical Area",13146
242,Waterloo,"170,612","167,819",1.66%,,13165
82,Syracuse,"660,458","662,577",ƒ??0.32%,"Syracuse-Auburn, NY Combined Statistical Area",13201
361,Rome,"96,504","96,317",0.19%,"Rome-Summerville, GA Combined Statistical Area",13440
163,Utica,"295,600","299,397",ƒ??1.27%,,13501
305,Hammond,"128,755","121,097",6.32%,"New Orleans-Metairie-Hammond, LA-MS Combined Statistical Area",13646
7,Philadelphia,"6,069,875","5,965,343",1.75%,"Philadelphia-Reading-Camden, PA-NJ-DE-MD Combined Statistical Area",13673
137,Davenport,"383,606","379,690",1.03%,"Davenport-Moline, IA-IL Combined Statistical Area",13750
219,Johnson City,"200,648","198,716",0.97%,"Johnson City-Kingsport-Bristol, TN-VA Combined Statistical Area",13790
189,Binghamton,"246,020","251,725",ƒ??2.27%,,13901
78,Akron,"704,243","703,200",0.15%,"Cleveland-Akron-Canton, OH Combined Statistical Area",14001
194,Appleton,"233,007","225,666",3.25%,"Appleton-Oshkosh-Neenah, WI Combined Statistical Area",14008
223,Gainesville,"193,535","179,684",7.71%,"Atlantaƒ??Athens-Clarke Countyƒ??Sandy Springs, GA Combined Statistical Area",14066
172,Gainesville,"277,163","264,275",4.88%,"Gainesville-Lake City, FL Combined Statistical Area",14066
369,Grand Island,"85,066","81,850",3.93%,,14072
99,Youngstown,"549,885","565,773",ƒ??2.81%,"Youngstown-Warren, OH-PA Combined Statistical Area",14174
50,Buffalo,"1,135,230","1,135,509",ƒ??0.02%,"Buffalo-Cheektowaga, NY Combined Statistical Area",14201
345,Lima,"104,425","106,331",ƒ??1.79%,"Lima-Van Wert-Celina, OH Combined Statistical Area",14485
9,Atlanta,"5,710,795","5,286,728",8.02%,"Atlanta-Sandy Springs, GA Combined Statistical Area",14808
344,Ithaca,"104,926","101,564",3.31%,"Ithaca-Cortland, NY Combined Statistical Area",14850
110,Lansing,"472,276","464,036",1.78%,"Lansing-East Lansing-Owosso, MI Combined Statistical Area",14882
367,Elmira,"87,071","88,830",ƒ??1.98%,"Elmira-Corning, NY Combined Statistical Area",14901
372,Midland,"83,632","83,629",0.00%,"Saginaw-Midland-Bay City, MI Combined Statistical Area",15059
248,Midland,"166,718","141,671",17.68%,"Midland-Odessa, TX Combined Statistical Area",15059
26,Pittsburgh,"2,353,045","2,356,285",ƒ??0.14%,"Pittsburgh-New Castle-Weirton, PA-OH-WV Combined Statistical Area",15201
145,Hickory,"362,510","365,497",ƒ??0.82%,"Hickory-Lenoir, NC Combined Statistical Area",15340
337,California,"111,413","105,151",5.96%,"Washington-Baltimore-Arlington, DC-MD-VA-WV-PA Combined Statistical Area",15419
251,Eau Claire,"165,636","161,151",2.78%,"Eau Claire-Menomonie, WI Combined Statistical Area",16030
115,Reno,"450,890","425,417",5.99%,"Reno-Carson City-Fernley, NV Combined Statistical Area",16343
170,Erie,"278,045","280,566",ƒ??0.90%,"Erie-Meadville, PA Combined Statistical Area",16501
313,Altoona,"125,593","127,089",ƒ??1.18%,,16601
265,Alexandria,"154,484","153,922",0.37%,,16611
263,Madera,"154,998","150,865",2.74%,"Fresno-Madera, CA Combined Statistical Area",16661
33,Austin,"2,000,860","1,716,289",16.58%,,16720
256,State College,"160,580","153,990",4.28%,"State College-DuBois, PA Combined Statistical Area",16801
64,Knoxville,"861,424","837,571",2.85%,"Knoxville-Morristown-Sevierville, TN Combined Statistical Area",16928
96,Harrisburg,"565,006","549,475",2.83%,"Harrisburg-York-Lebanon, PA Combined Statistical Area",17101
266,Chambersburg,"153,638","149,618",2.69%,"Washington-Baltimore-Arlington, DC-MD-VA-WV-PA Combined Statistical Area",17201
349,Gettysburg,"102,295","101,407",0.88%,"Harrisburg-York-Lebanon, PA Combined Statistical Area",17325
332,Williamsport,"116,048","116,111",ƒ??0.05%,"Williamsport-Lock Haven, PA Combined Statistical Area",17701
368,Bloomsburg,"85,229","85,562",ƒ??0.39%,"Bloomsburg-Berwick-Sunbury, PA Combined Statistical Area",17815
27,Sacramento,"2,274,194","2,149,127",5.82%,"Sacramento-Roseville, CA Combined Statistical Area",17968
250,East Stroudsburg,"166,397","169,842",ƒ??2.03%,"New York-Newark, NY-NJ-CT-PA Combined Statistical Area",18301
310,Carbondale,"126,828","126,575",0.20%,,18407
164,Greeley,"285,174","252,825",12.80%,"Denver-Aurora, CO Combined Statistical Area",18425
97,Scranton,"558,166","563,631",ƒ??0.97%,,18501
302,Lawton,"130,644","130,291",0.27%,,18828
292,Morgantown,"138,176","129,709",6.53%,"Morgantown-Fairmont, WV Combined Statistical Area",19543
258,Odessa,"159,436","137,130",16.27%,"Midland-Odessa, TX Combined Statistical Area",19730
5,Houston,"6,656,947","5,920,416",12.44%,"Houston-The Woodlands, TX Combined Statistical Area",19954
37,Virginia Beach,"1,724,876","1,676,822",2.87%,"Virginia Beach-Norfolk, VA-NC Combined Statistical Area",23450
159,Roanoke,"314,560","308,707",1.90%,,24001
228,Blacksburg,"181,747","178,237",1.97%,,24060
281,Rocky Mount,"148,069","152,392",ƒ??2.84%,"Rocky Mount-Wilson-Roanoke Rapids, NC Combined Statistical Area",24151
185,Lynchburg,"259,950","252,634",2.90%,,24501
8,Miami,"6,012,331","5,564,635",8.05%,"Miami-Fort Lauderdale-Port St. Lucie, FL Combined Statistical Area",25134
221,Racine,"195,080","195,408",ƒ??0.17%,"Milwaukee-Racine-Waukesha, WI Combined Statistical Area",25165
299,Logan,"133,857","125,442",6.71%,,25601
316,Beckley,"122,507","124,898",ƒ??1.91%,,25801
280,Dothan,"148,171","145,639",1.74%,"Dothan-Enterprise-Ozark, AL Combined Statistical Area",25833
44,Raleigh,"1,273,568","1,130,490",12.66%,"Raleigh-Durham-Chapel Hill, NC Combined Statistical Area",25911
284,Wheeling,"144,198","147,950",ƒ??2.54%,,26003
4,Dallas,"7,102,796","6,426,214",10.53%,"Dallas-Fort Worth, TX-OK Combined Statistical Area",26036
321,Weirton,"120,512","124,454",ƒ??3.17%,"Pittsburgh-New Castle-Weirton, PA-OH-WV Combined Statistical Area",26062
365,Parkersburg,"92,332","92,673",ƒ??0.37%,"Parkersburg-Marietta-Vienna, WV-OH Combined Statistical Area",26101
24,Orlando,"2,387,138","2,134,411",11.84%,"Orlando-Deltona-Daytona Beach, FL Combined Statistical Area",26412
312,New Bern,"126,245","126,802",ƒ??0.44%,"New Bern-Morehead City, NC Combined Statistical Area",28560
116,Asheville,"446,840","424,858",5.17%,"Asheville-Brevard, NC Combined Statistical Area",28801
340,Sumter,"107,480","107,456",0.02%,,29150
153,Spartanburg,"325,079","313,268",3.77%,"Greenville-Spartanburg-Anderson, SC Combined Statistical Area",29301
123,Myrtle Beach,"431,964","376,722",14.66%,"Myrtle Beach-Conway, SC-NC Combined Statistical Area",29572
211,Hilton Head Island,"207,413","187,010",10.91%,,29925
226,Warner Robins,"188,149","179,605",4.76%,"Macon-Warner Robins, GA Combined Statistical Area",31088
377,Hinesville,"80,198","77,917",2.93%,"Savannah-Hinesville-Statesboro, GA Combined Statistical Area",31310
287,Valdosta,"142,875","139,588",2.35%,,31601
324,The Villages,"118,891","93,420",27.27%,"Orlando-Deltona-Daytona Beach, FL Combined Statistical Area",32162
140,Tallahassee,"377,924","367,413",2.86%,"Tallahassee-Bainbridge, FL-GA Combined Statistical Area",32301
220,Panama City,"197,506","184,715",6.92%,,32401
297,Wausau,"135,868","134,063",1.35%,"Wausau-Stevens Point-Wisconsin Rapids, WI Combined Statistical Area",32463
109,Pensacola,"478,043","448,991",6.47%,,32501
181,Crestview,"262,172","235,865",11.15%,,32536
90,Deltona,"623,279","590,289",5.59%,"Orlando-Deltona-Daytona Beach, FL Combined Statistical Area",32725
95,Palm Bay,"568,088","543,376",4.55%,,32905
282,Sebastian,"147,919","138,028",7.17%,"Miami-Fort Lauderdale-Port St. Lucie, FL Combined Statistical Area",32958
79,Cape Coral,"701,982","618,754",13.45%,"Cape Coral-Fort Myers-Naples, FL Combined Statistical Area",33904
238,Punta Gorda,"173,115","159,978",8.21%,"North Port-Sarasota, FL Combined Statistical Area",33950
73,North Port,"768,918","702,281",9.49%,"North Port-Sarasota, FL Combined Statistical Area",34286
289,Homosassa Springs,"141,058","141,236",ƒ??0.13%,,34447
149,Ocala,"343,254","331,298",3.61%,,34470
190,Tuscaloosa,"239,908","230,162",4.23%,,35401
216,Daphne,"203,709","182,265",11.77%,"Mobile-Daphne-Fairhope, AL Combined Statistical Area",36526
127,Mobile,"415,395","412,992",0.58%,"Mobile-Daphne-Fairhope, AL Combined Statistical Area",36601
36,Nashville,"1,830,345","1,670,890",9.54%,"Nashville-Davidsonƒ??Murfreesboro, TN Combined Statistical Area",37201
341,Decatur,"107,303","110,768",ƒ??3.13%,,37322
269,Decatur,"152,680","153,829",ƒ??0.75%,"Huntsville-Decatur-Albertville, AL Combined Statistical Area",37322
101,Chattanooga,"547,776","528,143",3.72%,"Chattanooga-Cleveland-Dalton, TN-GA-AL Combined Statistical Area",37401
162,Kingsport,"307,120","309,544",ƒ??0.78%,"Johnson City-Kingsport-Bristol, TN-VA Combined Statistical Area",37660
118,Huntsville,"444,752","417,593",6.50%,"Huntsville-Decatur-Albertville, AL Combined Statistical Area",37756
270,Jefferson City,"151,145","149,807",0.89%,,37760
43,Louisville,"1,278,413","1,235,708",3.46%,"Louisville/Jefferson Countyƒ??Elizabethtownƒ??Madison, KY-IN Combined Statistical Area",37777
150,Rockford,"340,663","349,431",ƒ??2.51%,"Rockford-Freeport-Rochelle, IL Combined Statistical Area",37853
279,Grand Junction,"148,513","146,723",1.22%,,38039
195,Macon,"230,096","232,293",ƒ??0.95%,"Macon-Warner Robins, GA Combined Statistical Area",38048
347,Gadsden,"103,057","104,430",ƒ??1.31%,,38337
215,Yuma,"204,275","195,751",4.35%,,38390
277,Santa Fe,"148,686","144,170",3.13%,"Albuquerque-Santa Fe-Las Vegas, NM Combined Statistical Area",38482
338,Michigan City,"110,884","111,467",ƒ??0.52%,"Chicago-Naperville, IL-IN-WI Combined Statistical Area",38647
380,Enid,"63,569","60,580",4.93%,,38927
276,Hattiesburg,"148,839","142,842",4.20%,,39401
136,Gulfport,"389,255","370,702",5.00%,,39501
373,Kokomo,"82,556","82,752",ƒ??0.24%,"Kokomo-Peru, IN Combined Statistical Area",39643
177,Olympia,"269,536","252,264",6.85%,"Seattle-Tacoma, WA Combined Statistical Area",40358
180,Waco,"262,813","252,772",3.97%,,40385
246,Bowling Green,"168,436","158,599",6.20%,"Bowling Green-Glasgow, KY Combined Statistical Area",42101
131,Beaumont,"408,419","403,190",1.30%,,42124
328,Owensboro,"117,463","114,752",2.36%,,42301
21,Baltimore,"2,797,407","2,710,489",3.21%,"Washington-Baltimore-Arlington, DC-MD-VA-WV-PA Combined Statistical Area",43105
52,Grand Rapids,"1,038,583","988,938",5.02%,"Grand Rapids-Wyoming-Muskegon, MI Combined Statistical Area",43522
85,Toledo,"646,833","651,429",ƒ??0.71%,"Toledo-Port Clinton, OH Combined Statistical Area",43601
56,Fresno,"974,861","930,450",4.77%,"Fresno-Madera, CA Combined Statistical Area",43824
264,Niles,"154,636","156,813",ƒ??1.39%,"South Bend-Elkhart-Mishawaka, IN-MI Combined Statistical Area",44446
354,Sebring,"99,491","98,786",0.71%,,44672
28,Cincinnati,"2,157,719","2,114,580",2.04%,"Cincinnati-Wilmington-Maysville, OH-KY-IN Combined Statistical Area",45201
196,Charlottesville,"229,514","218,705",4.94%,,46117
34,Indianapolis,"1,988,817","1,887,877",5.35%,"Indianapolis-Carmel-Muncie, IN Combined Statistical Area",46201
125,Fort Wayne,"429,820","416,257",3.26%,"Fort Wayne-Huntington-Auburn, IN Combined Statistical Area",46801
329,Muncie,"116,852","117,671",ƒ??0.70%,"Indianapolis-Carmel-Muncie, IN Combined Statistical Area",47302
183,Hagerstown,"261,486","251,599",3.93%,"Washington-Baltimore-Arlington, DC-MD-VA-WV-PA Combined Statistical Area",47346
158,Evansville,"315,693","311,552",1.33%,,47701
240,Terre Haute,"171,019","172,425",ƒ??0.82%,,47801
322,Staunton,"120,512","118,502",1.70%,"Harrisonburg-Staunton-Waynesboro, VA Combined Statistical Area",47881
147,Ann Arbor,"358,880","344,791",4.09%,"Detroit-Warren-Ann Arbor, MI Combined Statistical Area",48103
151,Kalamazoo,"335,340","326,589",2.68%,"Kalamazoo-Battle Creek-Portage, MI Combined Statistical Area",49001
239,Muskegon,"172,790","172,188",0.35%,"Grand Rapids-Wyoming-Muskegon, MI Combined Statistical Area",49440
362,Ames,"96,021","89,542",7.24%,"Des Moines-Ames-West Des Moines, IA Combined Statistical Area",50010
217,Elkhart,"203,474","197,559",2.99%,"South Bend-Elkhart-Mishawaka, IN-MI Combined Statistical Area",50073
87,Ogden,"642,850","597,159",7.65%,"Salt Lake City-Provo-Orem, UT Combined Statistical Area",50212
91,Des Moines,"622,899","569,633",9.35%,"Des Moines-Ames-West Des Moines, IA Combined Statistical Area",50301
255,Janesville,"161,448","160,331",0.70%,"Madison-Janesville-Beloit, WI Combined Statistical Area",50647
199,Prescott,"222,255","211,033",5.32%,,50859
298,Battle Creek,"134,314","136,146",ƒ??1.35%,"Kalamazoo-Battle Creek-Portage, MI Combined Statistical Area",51006
245,Sioux City,"169,069","168,563",0.30%,"Sioux City-Vermillion, IA-SD-NE Combined Statistical Area",51101
76,Little Rock,"731,612","699,757",4.55%,"Little Rock-North Little Rock, AR Combined Statistical Area",51243
359,Dubuque,"97,125","93,653",3.71%,,52001
249,Iowa City,"166,498","152,586",9.12%,"Cedar Rapids-Iowa City, IA Combined Statistical Area",52240
179,Cedar Rapids,"266,040","257,940",3.14%,"Cedar Rapids-Iowa City, IA Combined Statistical Area",52401
335,Sheboygan,"115,569","115,507",0.05%,,53081
39,Milwaukee,"1,575,747","1,555,908",1.28%,"Milwaukee-Racine-Waukesha, WI Combined Statistical Area",53201
157,Green Bay,"316,519","306,241",3.36%,"Green Bay-Shawano, WI Combined Statistical Area",54301
294,La Crosse,"136,985","133,665",2.48%,,54601
343,Bay City,"105,659","107,771",ƒ??1.96%,"Saginaw-Midland-Bay City, MI Combined Statistical Area",54723
350,Fond du Lac,"101,973","101,633",0.33%,,54935
84,Lakeland,"650,092","602,095",7.97%,,55043
352,Victoria,"99,913","94,003",6.29%,"Victoria-Port Lavaca, TX Combined Statistical Area",55386
16,Minneapolis,"3,524,583","3,348,859",5.25%,"Minneapolis-St. Paul, MN-WI Combined Statistical Area",55401
224,Saginaw,"193,307","200,169",ƒ??3.43%,"Saginaw-Midland-Bay City, MI Combined Statistical Area",55779
168,Duluth,"279,601","279,771",ƒ??0.06%,,55801
355,Mankato,"99,134","96,740",2.47%,"Mankato-New Ulm-North Mankato, MN Combined Statistical Area",56001
198,Tyler,"222,936","209,714",6.30%,"Tyler-Jacksonville, TX Combined Statistical Area",56178
186,Sioux Falls,"251,854","228,261",10.34%,,57101
285,Rapid City,"144,134","134,598",7.08%,"Rapid City-Spearfish, SD Combined Statistical Area",57701
192,Fargo,"233,836","208,777",12.00%,"Fargo-Wahpeton, ND-MN Combined Statistical Area",58102
348,Grand Forks,"102,449","98,461",4.05%,,58201
304,Bismarck,"129,517","114,778",12.84%,,58501
167,Fort Smith,"280,241","280,467",ƒ??0.08%,,59035
374,Great Falls,"82,278","81,327",1.17%,,59401
233,Joplin,"177,211","175,518",0.96%,"Joplin-Miami, MO-OK Combined Statistical Area",59531
156,Boulder,"319,372","294,567",8.42%,"Denver-Aurora, CO Combined Statistical Area",59632
83,Winston,"659,330","640,595",2.92%,"Greensboroƒ??Winston-Salemƒ??High Point, NC Combined Statistical Area",59647
356,Manhattan,"98,545","92,719",6.28%,"Manhattan-Junction City, KS Combined Statistical Area",59741
336,Missoula,"114,181","109,299",4.47%,,59801
366,Corvallis,"87,572","85,579",2.33%,"Portland-Vancouver-Salem, OR-WA Combined Statistical Area",59828
358,Hot Springs,"97,177","96,024",1.20%,"Hot Springs-Malvern, AR Combined Statistical Area",59845
3,Chicago,"9,551,031","9,461,105",0.95%,"Chicago-Naperville, IL-IN-WI Combined Statistical Area",60290
339,Kankakee,"110,879","113,449",ƒ??2.27%,"Chicago-Naperville, IL-IN-WI Combined Statistical Area",60901
191,Champaign,"238,984","231,891",3.06%,,61820
357,Cape Girardeau,"97,534","96,275",1.31%,"Cape Girardeau-Sikeston, MO-IL Combined Statistical Area",63701
334,Anniston,"115,620","118,572",ƒ??2.49%,,63820
176,Laredo,"269,721","250,304",7.76%,,64652
100,Spokane,"547,924","527,753",3.82%,"Spokane-Spokane Valley-Coeur d'Alene, WA-ID Combined Statistical Area",65754
30,Kansas City,"2,087,471","2,009,342",3.89%,"Kansas City-Overland Park-Kansas City, MO-KS Combined Statistical Area",66101
193,Topeka,"233,791","233,870",ƒ??0.03%,,66601
86,Wichita,"644,610","630,919",2.17%,"Wichita-Arkansas City-Winfield, KS Combined Statistical Area",67201
243,Abilene,"169,578","165,252",2.62%,,67410
18,Tampa,"2,975,225","2,783,243",6.90%,,67483
155,South Bend,"320,098","319,224",0.27%,"South Bend-Elkhart-Mishawaka, IN-MI Combined Statistical Area",68058
59,Omaha,"915,312","865,350",5.77%,"Omaha-Council Bluffs-Fremont, NE-IA Combined Statistical Area",68101
244,Oshkosh,"169,546","166,994",1.53%,"Appleton-Oshkosh-Neenah, WI Combined Statistical Area",69154
46,New Orleans,"1,262,888","1,189,866",6.14%,"New Orleans-Metairie-Hammond, LA-MS Combined Statistical Area",70112
208,Houma,"212,297","208,178",1.98%,,70360
213,Lake Charles,"205,605","199,607",3.00%,,70601
70,Baton Rouge,"830,480","802,484",3.49%,,70801
119,Shreveport,"443,708","439,811",0.89%,,71101
301,Harrisonburg,"131,131","125,228",4.71%,"Harrisonburg-Staunton-Waynesboro, VA Combined Statistical Area",71340
364,Pine Bluff,"93,696","100,258",ƒ??6.55%,"Little Rock-North Little Rock, AR Combined Statistical Area",71601
274,Texarkana,"149,769","149,198",0.38%,,71854
68,El Paso,"838,972","804,123",4.33%,"El Paso-Las Cruces, TX-NM Combined Statistical Area",72045
187,College Station,"249,156","228,660",8.96%,,72053
41,Oklahoma City,"1,358,452","1,252,987",8.42%,"Oklahoma City-Shawnee, OK Combined Statistical Area",73101
81,Boise City,"676,909","616,561",9.79%,"Boise City-Mountain Home-Ontario, ID-OR Combined Statistical Area",73933
55,Tulsa,"981,005","937,478",4.64%,"Tulsa-Muskogee-Bartlesville, OK Combined Statistical Area",74101
129,Flint,"410,849","425,790",ƒ??3.51%,"Detroit-Warren-Ann Arbor, MI Combined Statistical Area",75762
272,Wichita Falls,"150,780","151,306",ƒ??0.35%,,76301
124,Killeen,"431,032","405,300",6.35%,,76540
323,San Angelo,"119,659","111,823",7.01%,,76901
114,Corpus Christi,"452,422","428,185",5.66%,"Corpus Christi-Kingsville-Alice, TX Combined Statistical Area",78401
67,McAllen,"842,304","774,769",8.72%,"McAllen-Edinburg, TX Combined Statistical Area",78501
182,Amarillo,"262,056","251,933",4.02%,"Amarillo-Borger, TX Combined Statistical Area",79101
161,Lubbock,"311,154","290,805",7.00%,"Lubbock-Levelland, TX Combined Statistical Area",79401
315,Goldsboro,"124,132","122,623",1.23%,,79519
152,Fort Collins,"333,577","299,630",11.33%,,80521
80,Colorado Springs,"697,856","645,613",8.09%,,80901
254,Pueblo,"163,591","159,063",2.85%,"Pueblo-Ca?ñon City, CO Combined Statistical Area",81001
360,Cheyenne,"97,121","91,738",5.87%,,82001
375,Casper,"82,178","75,450",8.92%,,82601
371,Pocatello,"83,744","82,839",1.09%,,83201
290,Idaho Falls,"139,747","133,265",4.86%,"Idaho Falls-Rexburg-Blackfoot, ID Combined Statistical Area",83401
48,Salt Lake City,"1,170,266","1,087,873",7.57%,"Salt Lake City-Provo-Orem, UT Combined Statistical Area",84101
93,Provo,"585,799","526,810",11.20%,"Salt Lake City-Provo-Orem, UT Combined Statistical Area",84601
139,Peoria,"378,018","379,186",ƒ??0.31%,"Peoria-Canton, IL Combined Statistical Area",85345
311,Sierra Vista,"126,427","131,346",ƒ??3.75%,,85635
53,Tucson,"1,010,025","980,263",3.04%,"Tucson-Nogales, AZ Combined Statistical Area",85701
291,Flagstaff,"139,097","134,421",3.48%,,86001
214,Lake Havasu City,"204,737","200,186",2.27%,"Las Vegas-Henderson, NV-AZ Combined Statistical Area",86403
60,Albuquerque,"907,301","887,077",2.28%,"Albuquerque-Santa Fe-Las Vegas, NM Combined Statistical Area",87101
35,San Jose,"1,976,836","1,836,911",7.62%,"San Jose-San Francisco-Oakland, CA Combined Statistical Area",87565
174,Santa Cruz,"274,146","262,382",4.48%,"San Jose-San Francisco-Oakland, CA Combined Statistical Area",87567
29,Las Vegas,"2,114,801","1,951,269",8.38%,"Las Vegas-Henderson, NV-AZ Combined Statistical Area",87701
205,Las Cruces,"214,295","209,233",2.42%,"El Paso-Las Cruces, TX-NM Combined Statistical Area",88001
106,Santa Rosa,"502,146","483,878",3.78%,"San Jose-San Francisco-Oakland, CA Combined Statistical Area",88435
382,Carson City,"54,521","55,274",ƒ??1.36%,"Reno-Carson City-Fernley, NV Combined Statistical Area",89701
2,Los Angeles,"13,340,068","12,828,837",3.99%,"Los Angeles-Long Beach, CA Combined Statistical Area",90001
17,San Diego,"3,299,521","3,095,313",6.60%,,92101
229,El Centro,"180,191","174,528",3.24%,,92243
66,Oxnard,"850,536","823,318",3.31%,"Los Angeles-Long Beach, CA Combined Statistical Area",93030
271,Hanford,"150,965","152,982",ƒ??1.32%,"Visalia-Porterville-Hanford, CA Combined Statistical Area",93230
111,Visalia,"459,863","442,179",4.00%,"Visalia-Porterville-Hanford, CA Combined Statistical Area",93277
165,San Luis Obispo,"281,401","269,637",4.36%,,93401
117,Santa Maria,"444,769","423,895",4.92%,,93454
11,San Francisco,"4,656,132","4,335,391",7.40%,"San Jose-San Francisco-Oakland, CA Combined Statistical Area",94102
288,Napa,"142,456","136,484",4.38%,"San Jose-San Francisco-Oakland, CA Combined Statistical Area",94558
121,Vallejo,"436,092","413,344",5.50%,"San Jose-San Francisco-Oakland, CA Combined Statistical Area",94589
178,Merced,"268,455","255,793",4.95%,"Modesto-Merced, CA Combined Statistical Area",95340
102,Modesto,"538,388","514,453",4.65%,"Modesto-Merced, CA Combined Statistical Area",95350
197,Chico,"225,411","220,000",2.46%,,95926
241,Yuba City,"170,955","166,892",2.43%,"Sacramento-Roseville, CA Combined Statistical Area",95991
253,Kahului,"164,726","154,924",6.33%,,96732
144,Eugene,"362,895","351,715",3.18%,,97401
370,Grants Pass,"84,745","82,713",2.46%,"Medford-Grants Pass, OR Combined Statistical Area",97526
235,Bend,"175,268","157,733",11.12%,"Bend-Redmond-Prineville, OR Combined Statistical Area",97701
15,Seattle,"3,733,580","3,439,809",8.54%,"Seattle-Tacoma, WA Combined Statistical Area",98101
184,Bremerton,"260,131","251,133",3.58%,"Seattle-Tacoma, WA Combined Statistical Area",98310
346,Longview,"103,468","102,410",1.03%,"Portland-Vancouver-Salem, OR-WA Combined Statistical Area",98632
201,Longview,"217,781","214,369",1.59%,"Longview-Marshall, TX Combined Statistical Area",98632
331,Wenatchee,"116,178","110,884",4.77%,,98801
188,Yakima,"248,830","243,231",2.30%,,98901
169,Kennewick,"279,116","253,340",10.17%,,99336
379,Walla Walla,"64,282","62,859",2.26%,,99362
134,Anchorage,"399,790","380,821",4.98%,,99501
353,Fairbanks,"99,631","97,581",2.10%,,99701
204,Barnstable,"214,333","215,888",ƒ??0.72%,"Boston-Worcester-Providence, MA-RI-NH-CT Combined Statistical Area",2630
273,COEUR D ALENE,"150,346","138,494",8.56%,"Spokane-Spokane Valley-Coeur d'Alene, WA-ID Combined Statistical Area",83814
113,Port St. Lucie,"454,846","424,107",7.25%,"Miami-Fort Lauderdale-Port St. Lucie, FL Combined Statistical Area",34983
222,St. Cloud,"194,418","189,093",2.82%,"Minneapolis-St. Paul, MN-WI Combined Statistical Area",56301
262,St. George,"155,602","138,115",12.66%,,84770
309,St. Joseph,"126,880","127,329",ƒ??0.35%,"Kansas City-Overland Park-Kansas City, MO-KS Combined Statistical Area",64501
20,St. Louis,"2,811,588","2,787,701",0.86%,"St. Louis-St. Charles-Farmington, MO-IL Combined Statistical Area",63101
54,Urban Honolulu,"998,714","953,207",4.77%,,96801
